{"cameraMode":{"drawMode":0,"name":"Shaded","section":"Shading Mode"},"sceneLighting":true,"audioPlay":false,"sceneViewState":{"m_AlwaysRefresh":false,"showFog":true,"showSkybox":true,"showFlares":true,"showImageEffects":true,"showParticleSystems":true,"showVisualEffectGraphs":true,"m_FxEnabled":true},"in2DMode":false,"pivot":{"x":-60.197845458984378,"y":2.794689178466797,"z":-0.616016685962677},"rotation":{"x":0.013788644224405289,"y":0.03868637979030609,"z":-0.0005384007818065584,"w":0.999172031879425},"size":2.579127311706543,"orthographic":false}