{"cameraMode":{"drawMode":0,"name":"Shaded","section":"Shading Mode"},"sceneLighting":true,"audioPlay":false,"sceneViewState":{"m_AlwaysRefresh":false,"showFog":true,"showSkybox":true,"showFlares":true,"showImageEffects":true,"showParticleSystems":true,"showVisualEffectGraphs":true,"m_FxEnabled":true},"in2DMode":false,"pivot":{"x":3.5352935791015627,"y":-3.3075051307678224,"z":25.139755249023439},"rotation":{"x":-0.1061222031712532,"y":-0.05634555220603943,"z":0.006361647974699736,"w":-0.9928784966468811},"size":17.735919952392579,"orthographic":false}