{"cameraMode":{"drawMode":0,"name":"Shaded","section":"Shading Mode"},"sceneLighting":true,"audioPlay":false,"sceneViewState":{"m_AlwaysRefresh":false,"showFog":true,"showSkybox":true,"showFlares":true,"showImageEffects":true,"showParticleSystems":true,"showVisualEffectGraphs":true,"m_FxEnabled":true},"in2DMode":false,"pivot":{"x":620.653076171875,"y":415.0685119628906,"z":-2.037998676300049},"rotation":{"x":-0.021001257002353669,"y":0.0027362254913896324,"z":0.0001408031239407137,"w":-0.9999428391456604},"size":310.1594543457031,"orthographic":false}