{"cameraMode":{"drawMode":0,"name":"Shaded","section":"Shading Mode"},"sceneLighting":true,"audioPlay":false,"sceneViewState":{"m_AlwaysRefresh":false,"showFog":true,"showSkybox":true,"showFlares":true,"showImageEffects":true,"showParticleSystems":true,"showVisualEffectGraphs":true,"m_FxEnabled":true},"in2DMode":false,"pivot":{"x":-65.20161437988281,"y":0.7525439262390137,"z":0.6418666839599609},"rotation":{"x":0.013788644224405289,"y":0.03868637979030609,"z":-0.0005384007818065584,"w":0.999172031879425},"size":2.9883196353912355,"orthographic":false}